{"name":"5d4a383a-9b20-43b7-a92f-26d2ea90a63e","id":"/providers/Microsoft.Flow/flows/5d4a383a-9b20-43b7-a92f-26d2ea90a63e","type":"Microsoft.Flow/flows","properties":{"apiId":"/providers/Microsoft.PowerApps/apis/shared_logicflows","displayName":"MERCURY - CRUD","definition":{"metadata":{"workflowEntityId":null,"processAdvisorMetadata":null,"flowclientsuspensionreason":"None","flowclientsuspensiontime":null,"creator":{"id":"a4c91b27-0d77-43b8-b9e1-0a7ca9b3b0a6","type":"User","tenantId":"7ea6412d-a887-4942-951c-cd722827b11a"},"provisioningMethod":"FromDefinition","failureAlertSubscription":true,"clientLastModifiedTime":"2022-01-27T11:39:47.4830896Z"},"$schema":"https://schema.management.azure.com/providers/Microsoft.Logic/schemas/2016-06-01/workflowdefinition.json#","contentVersion":"1.0.0.0","parameters":{"$connections":{"defaultValue":{},"type":"Object"},"$authentication":{"defaultValue":{},"type":"SecureObject"}},"triggers":{"When_an_item_is_created_or_modified":{"recurrence":{"frequency":"Minute","interval":1},"metadata":{"operationMetadataId":"8a6e7fb8-c5cc-44aa-b0fd-4844e2c2e528","flowSystemMetadata":{"swaggerOperationId":"GetOnUpdatedItems"}},"type":"ApiConnection","inputs":{"host":{"connection":{"name":"@parameters('$connections')['shared_sharepointonline']['connectionId']"},"api":{"runtimeUrl":"https://flow-apim-europe-001-northeurope-01.azure-apim.net/apim/sharepointonline"}},"method":"get","path":"/datasets/@{encodeURIComponent(encodeURIComponent('https://cumbriapolice.sharepoint.com/sites/ictintegrations'))}/tables/@{encodeURIComponent(encodeURIComponent('cc7fde33-cc8a-48d2-b973-807a59b457d0'))}/onupdateditems","authentication":"@parameters('$authentication')"}}},"actions":{"Apply_to_each":{"foreach":"@triggerBody()?['value']","actions":{"Condition":{"actions":{"Apply_to_each_2":{"foreach":"@body('Get_items')?['value']","actions":{"HTTP":{"runAfter":{},"metadata":{"operationMetadataId":"cbb5d4db-2cce-4a63-a056-a4dde37494ba"},"type":"Http","inputs":{"method":"POST","uri":"https://prod-19.uksouth.logic.azure.com:443/workflows/c0418d2c48884537bf7e076049b9b76c/triggers/manual/paths/invoke?api-version=2016-10-01&sp=%2Ftriggers%2Fmanual%2Frun&sv=1.0&sig=DyP6IJIdoIL7GjQ_3pvYfe7LC5hLU-zAswQpXqx5xlM","body":{"ip_prefix":"@items('Apply_to_each')?['ip_prefix']","mask":"@items('Apply_to_each')?['ip_mask']","loopback_id":"@items('Apply_to_each')?['ID']","hostname":"@items('Apply_to_each_2')?['router_ip_address']","ssh_port":"@items('Apply_to_each_2')?['router_ssh_port']","mode":"add"}}}},"runAfter":{},"metadata":{"operationMetadataId":"d240b2ee-b77d-483e-bb92-4e445cf4ab09"},"type":"Foreach"}},"runAfter":{},"else":{"actions":{"Apply_to_each_3":{"foreach":"@body('Get_items')?['value']","actions":{"HTTP_2":{"runAfter":{},"metadata":{"operationMetadataId":"0057a48b-3b99-4fe7-9d3a-c80987a992b0"},"type":"Http","inputs":{"method":"POST","uri":"https://prod-19.uksouth.logic.azure.com:443/workflows/c0418d2c48884537bf7e076049b9b76c/triggers/manual/paths/invoke?api-version=2016-10-01&sp=%2Ftriggers%2Fmanual%2Frun&sv=1.0&sig=DyP6IJIdoIL7GjQ_3pvYfe7LC5hLU-zAswQpXqx5xlM","body":{"ip_prefix":"@items('Apply_to_each')?['ip_prefix']","mask":"@items('Apply_to_each')?['ip_mask']","loopback_id":"@items('Apply_to_each')?['ID']","hostname":"@items('Apply_to_each_3')?['router_ip_address']","ssh_port":"@{items('Apply_to_each_3')?['router_ssh_port']}","mode":"remove"}}}},"runAfter":{},"metadata":{"operationMetadataId":"d84fe0fb-1249-4546-b423-405f08710360"},"type":"Foreach"}}},"expression":{"equals":["@items('Apply_to_each')?['active']","@true"]},"metadata":{"operationMetadataId":"d512a894-6ee1-401c-9bce-d8cc7c2d2674"},"type":"If"}},"runAfter":{"Get_items":["Succeeded"]},"metadata":{"operationMetadataId":"d69d1675-1850-47da-9a94-be53f83de3bf"},"type":"Foreach"},"Get_items":{"runAfter":{},"metadata":{"operationMetadataId":"216634b7-fd2c-4092-afe6-5313317c0ccb","flowSystemMetadata":{"swaggerOperationId":"GetItems"}},"type":"ApiConnection","inputs":{"host":{"connection":{"name":"@parameters('$connections')['shared_sharepointonline']['connectionId']"},"api":{"runtimeUrl":"https://flow-apim-europe-001-northeurope-01.azure-apim.net/apim/sharepointonline"}},"method":"get","path":"/datasets/@{encodeURIComponent(encodeURIComponent('https://cumbriapolice.sharepoint.com/sites/ictintegrations'))}/tables/@{encodeURIComponent(encodeURIComponent('54127494-6058-425c-a7d5-8f067902517c'))}/items","authentication":"@parameters('$authentication')"}}}},"connectionReferences":{"shared_sharepointonline":{"connectionName":"shared-sharepointonl-7265a05b-041f-43e9-b703-022a92d16035","source":"Embedded","id":"/providers/Microsoft.PowerApps/apis/shared_sharepointonline","tier":"NotSpecified"}},"flowFailureAlertSubscribed":false}}