{"schemaVersion":"1.0","appDefinitionTemplate":{"id":"/providers/Microsoft.PowerApps/apps/","type":"Microsoft.PowerApps/apps","tags":{"primaryDeviceWidth":"1366","primaryDeviceHeight":"768","sienaVersion":"20220128T164706Z-3.22013.7.0","deviceCapabilities":"","supportsPortrait":"true","supportsLandscape":"true","primaryFormFactor":"Tablet","publisherVersion":"3.22013.7","minimumRequiredApiVersion":"2.2.0","hasComponent":"false","hasUnlockedComponent":"false","isUnifiedRootApp":"false"},"properties":{"appVersion":"2022-01-28T16:47:06Z","lifeCycleId":"Published","createdByClientVersion":{"major":3,"minor":22013,"build":7,"revision":0,"majorRevision":0,"minorRevision":0},"minClientVersion":{"major":3,"minor":22013,"build":7,"revision":0,"majorRevision":0,"minorRevision":0},"backgroundColor":"RGBA(0,176,240,1)","backgroundImageUri":"/2794205402123835412/N827b758c-e8bf-44d7-90ca-e34458f09818-logoSmallFile","displayName":"CT6052-Mercury","description":"","commitMessage":"Tshooting the broken block page","appUris":{"documentUri":{"value":"/2794205402123835412/Nb93b60c6-5316-4c1e-a87d-d49796bebc38-document.msapp"},"imageUris":[]},"createdTime":"0001-01-01T00:00:00Z","lastModifiedTime":"0001-01-01T00:00:00Z","sharedGroupsCount":0,"sharedUsersCount":0,"icons":{"smallIconUri":"/2794205402123835412/N9b08a9e4-342a-416a-944b-9f7f5c35dd5e-small.png","mediumIconUri":"/2794205402123835412/Nf08f9f77-3654-4d8e-bf16-57b039c7d72b-medium.png","largeIconUri":"/2794205402123835412/N5b9e1f97-996f-4692-a263-eefcad253261-large.png","wideIconUri":"/2794205402123835412/N596d6247-0e9f-4872-b4bd-1a6f3e1d5829-wide.png"},"connectionReferences":{"0633e310-e0eb-4c61-a578-af94718a127e":{"id":"570523ea-24b1-4f26-9007-166619d923f0","displayName":"SharePoint","iconUri":"https://connectoricons-prod.azureedge.net/releases/v1.0.1546/1.0.1546.2667/sharepointonline/icon.png","dataSources":["Mercury","Mercury-Admin"],"dependencies":[],"dependents":[],"parameterHints":{},"parameterHintsV2":{},"isOnPremiseConnection":false,"bypassConsent":false,"dataSets":{"https://cumbriapolice.sharepoint.com/sites/ictintegrations":{"dataSources":{"Mercury":{"tableName":"cc7fde33-cc8a-48d2-b973-807a59b457d0"},"Mercury-Admin":{"tableName":"54127494-6058-425c-a7d5-8f067902517c"}}}},"apiTier":"Standard","isCustomApiConnection":false,"actions":["providers/PowerPlatform.Governance/Operations/Read","providers/PowerPlatform.Governance/Operations/Write"]}},"databaseReferences":{},"almMode":"Environment","performanceOptimizationEnabled":true,"canConsumeAppPass":true,"executionRestrictions":{"isTeamsOnly":false,"dataLossPreventionEvaluationResult":{"status":"Compliant","lastEvaluationDate":"2021-12-07T14:37:18.9308951Z","violations":[],"violationsByPolicy":[],"violationErrorMessage":"The app uses the following connectors: ."}}},"appType":"ClassicCanvasApp","appComponents":[]}}